{
  "train_losses": [
    0.4534904396533966,
    0.3114488297700882,
    0.24775667130947113,
    0.15994102239608765,
    0.07581220045685769,
    0.031200627610087395,
    0.014633464701473713,
    0.00809323301538825,
    0.005161492358893156,
    0.003551550367847085,
    0.002460912917740643,
    0.001715945079922676,
    0.0012139704660512507,
    0.0008949855272658169,
    0.0006346746801864356,
    0.0004410011065192521,
    0.00031159208971075713,
    0.0002255483070621267,
    0.00015694056026404723,
    0.00010801295342389494,
    7.800807259627617e-05,
    6.02036360942293e-05,
    4.8453553317813204e-05,
    4.057893369463272e-05,
    3.318601447972469e-05,
    2.692887675948441e-05,
    2.263762660732027e-05,
    2.020983250986319e-05,
    1.8320322888030204e-05,
    1.6791361667856107e-05,
    1.5294877266569527e-05,
    1.3771785779681522e-05,
    1.2563267482619267e-05,
    1.2081505592504983e-05,
    1.1666968712233938e-05,
    1.1251478772464907e-05,
    1.0680726809368935e-05,
    1.016560961943469e-05,
    1.0031334222730947e-05,
    1.0018646698881638e-05,
    9.77251866061124e-06,
    9.685985987744062e-06,
    9.809910479816609e-06,
    9.597174830560107e-06,
    9.320117333118106e-06,
    9.243148015229963e-06,
    9.082871783903102e-06,
    9.22675380934379e-06,
    9.117736008192878e-06,
    9.251823994418374e-06
  ],
  "val_losses": [
    0.31088149334703175,
    0.25867473653384615,
    0.1887803397008351,
    0.10168055125645228,
    0.042140573795352666,
    0.01825760956853628,
    0.009471059843365635,
    0.005803492252847978,
    0.003886088595858642,
    0.0027011275191658308,
    0.0018671588373503514,
    0.0013002466293983161,
    0.0009492263031591262,
    0.000688300742435136,
    0.0004795505748396473,
    0.00033345689631200263,
    0.0002409444548123117,
    0.0001708114889749725,
    0.00011666919973712149,
    8.214158359416095e-05,
    6.126160224084742e-05,
    4.8288129099611456e-05,
    4.0174217117185306e-05,
    3.335727732129661e-05,
    2.6762788495813895e-05,
    2.168232198787986e-05,
    1.8798800218584283e-05,
    1.699860032593798e-05,
    1.5419860574183986e-05,
    1.4080355348206857e-05,
    1.2727546423515637e-05,
    1.1709014480792185e-05,
    1.07176974779577e-05,
    1.0424168782005186e-05,
    9.838846446135513e-06,
    9.370360593103605e-06,
    8.943473663488735e-06,
    8.868329002455408e-06,
    8.876024886766182e-06,
    8.940991522519783e-06,
    8.357755307640349e-06,
    8.433364460610651e-06,
    8.467578352013203e-06,
    8.320088844422052e-06,
    7.916627574949026e-06,
    7.909662794450664e-06,
    7.946216815720878e-06,
    7.93771446946526e-06,
    7.907654954968685e-06,
    7.991752227098914e-06
  ],
  "best_val_loss": 7.907654954968685e-06,
  "config": {
    "batch_size": 32,
    "learning_rate": 0.001,
    "weight_decay": 1e-05,
    "epochs": 50,
    "patience": 10,
    "checkpoint_interval": 5,
    "device": "cuda"
  }
}