{
  "baseline": {
    "u": 1600.0,
    "lam": 16.6667,
    "mp": 8.0,
    "theta_bias": 0.087,
    "g_gain": 0.00014,
    "ms": 1000.0,
    "c_damp": 4.0,
    "eps": 0.0001,
    "disturbance_theta_std": 0.0,
    "disturbance_hold_s": 1.0,
    "packet_sigma_s": 0.01,
    "packet_phase_s": 0.0,
    "k_fp": 6000.0,
    "x0": 0.1,
    "v0": 0.0,
    "t_max": 240.0,
    "rtol": 1e-08,
    "atol": 1e-10,
    "max_step": 0.25
  },
  "sensitivity": {
    "u": 0.44703619172221665,
    "g_gain": 0.11259051200948629,
    "eps": 0.0,
    "lam": 0.1457367324392619,
    "mp": 0.0
  },
  "best_sample": {
    "k_eff": 7997.841822959692,
    "parameters": {
      "u": 588.8228636654094,
      "g_gain": 0.000372426937147975,
      "eps": 0.0005944127002730966,
      "lam": 15.47215063171461,
      "mp": 4.56761354370974
    }
  }
}