{
  "train_losses": [
    0.08363166902214289,
    0.0036072296602651477,
    0.00028883834645967,
    2.051914536423283e-05,
    1.4934316914150259e-06,
    1.0314369681907465e-07,
    8.488871054979087e-09,
    6.742034169837651e-10,
    8.633477252550925e-11,
    3.9248829741822536e-11,
    3.3897321199960475e-11,
    3.336657741770388e-11,
    3.2173488040410094e-11,
    3.080239383002059e-11,
    2.940452999145027e-11,
    2.8088441433871125e-11,
    2.701448155451036e-11,
    2.610343441400431e-11,
    2.5426153058005774e-11,
    2.489028240459934e-11,
    3.0694862138136437e-11,
    1.2408458117882382e-08,
    1.952350932657443e-09,
    2.0074447770745962e-10,
    4.702542320822456e-11,
    1.2391960072660746e-08,
    5.769808887889915e-09,
    4.729487047827608e-10,
    3.010787338886267e-10,
    4.3864746099298027e-10
  ],
  "val_losses": [
    0.010560212789901666,
    0.0007674383149216217,
    4.857723199945342e-05,
    3.708337577076496e-06,
    2.2384686409233317e-07,
    2.278259409698486e-08,
    1.5909925281982445e-09,
    1.511194879550664e-10,
    3.861218884309332e-11,
    3.3454399964557726e-11,
    3.404809172697603e-11,
    3.288482234536134e-11,
    3.154488129042399e-11,
    2.99395131702391e-11,
    2.868389206711619e-11,
    2.752245009277462e-11,
    2.636069438130154e-11,
    2.545970725909008e-11,
    2.517070480616874e-11,
    2.394401145609594e-11,
    1.44077686289482e-10,
    6.689870054746702e-09,
    4.1892282500098435e-10,
    5.0881939039111e-11,
    4.5412883770928096e-11,
    2.1478383516182475e-08,
    2.1876392760792183e-09,
    1.2864374843157833e-10,
    4.2683475801449534e-10,
    2.644683678403632e-09
  ],
  "best_val_loss": 2.394401145609594e-11,
  "config": {
    "batch_size": 32,
    "learning_rate": 0.001,
    "weight_decay": 1e-05,
    "epochs": 50,
    "patience": 10,
    "checkpoint_interval": 5,
    "device": "cuda"
  }
}