{
  "fault_rate": 0.0001,
  "n_realizations": [
    50,
    100,
    200,
    500,
    1000,
    2000,
    5000
  ],
  "cascade_probabilities": [
    0.0,
    0.0,
    0.0,
    0.0,
    0.0,
    0.0,
    0.0
  ],
  "cascade_ci_widths": [
    0.07135003417431873,
    0.03699480747600191,
    0.018846005918320894,
    0.007624618530903363,
    0.003826898586390522,
    0.0019171176005129348,
    0.000767730137580694
  ],
  "containment_rates": [
    1.0,
    1.0,
    1.0,
    1.0,
    1.0,
    1.0,
    1.0
  ],
  "containment_ci_widths": [
    0.07135003417431873,
    0.03699480747600181,
    0.018846005918320863,
    0.00762461853090346,
    0.0038268985863905147,
    0.0019171176005127188,
    0.0007677301375805801
  ]
}