{
  "profile": "operational",
  "fault_rates": [
    1e-06,
    2.6826957952797274e-06,
    7.196856730011514e-06,
    1.9306977288832496e-05,
    5.1794746792312125e-05,
    0.00013894954943731373,
    0.0003727593720314938,
    0.001
  ],
  "cascade_probabilities": [
    0.0,
    0.0,
    0.0,
    0.0,
    0.0,
    0.0,
    0.0,
    0.0
  ],
  "cascade_ci_lower": [
    0.0,
    0.0,
    0.0,
    0.0,
    0.0,
    0.0,
    0.0,
    0.0
  ],
  "cascade_ci_upper": [
    0.15,
    0.15,
    0.15,
    0.15,
    0.15,
    0.15,
    0.15,
    0.15
  ],
  "containment_rates": [
    1.0,
    1.0,
    1.0,
    1.0,
    1.0,
    1.0,
    1.0,
    1.0
  ],
  "containment_ci_lower": [
    0.0,
    0.0,
    0.0,
    0.0,
    0.0,
    0.0,
    0.0,
    0.0
  ],
  "containment_ci_upper": [
    0.15,
    0.15,
    0.15,
    0.15,
    0.15,
    0.15,
    0.15,
    0.15
  ],
  "nodes_affected_mean": [
    0.0,
    0.0,
    0.0,
    0.0,
    0.0,
    0.0,
    0.0,
    0.0
  ],
  "nodes_affected_std": [
    0.0,
    0.0,
    0.0,
    0.0,
    0.0,
    0.0,
    0.0,
    0.0
  ],
  "n_realizations": [
    20,
    20,
    20,
    20,
    20,
    20,
    20,
    20
  ],
  "converged": [
    false,
    false,
    false,
    false,
    false,
    false,
    false,
    false
  ]
}