{
  "temperature_range": [
    70.0,
    90.0
  ],
  "cooling_power": {
    "70.0K": 5.000000000000009,
    "71.0K": 5.255000000000008,
    "72.0K": 5.520000000000005,
    "73.0K": 5.7950000000000035,
    "74.0K": 6.080000000000007,
    "75.0K": 6.375000000000009,
    "76.0K": 6.680000000000009,
    "77.0K": 6.995000000000003,
    "78.0K": 7.320000000000006,
    "79.0K": 7.6550000000000065,
    "80.0K": 8.000000000000009,
    "81.0K": 8.355000000000013,
    "82.0K": 8.720000000000008,
    "83.0K": 9.095000000000008,
    "84.0K": 9.480000000000013,
    "85.0K": 9.875000000000016,
    "86.0K": 10.280000000000017,
    "87.0K": 10.695000000000016,
    "88.0K": 11.12000000000002,
    "89.0K": 11.555000000000023,
    "90.0K": 12.000000000000023
  },
  "input_power": {
    "70.0K": 50.0,
    "71.0K": 51.5,
    "72.0K": 53.0,
    "73.0K": 54.5,
    "74.0K": 56.0,
    "75.0K": 57.5,
    "76.0K": 59.0,
    "77.0K": 60.5,
    "78.0K": 62.0,
    "79.0K": 63.5,
    "80.0K": 65.0,
    "81.0K": 66.5,
    "82.0K": 68.0,
    "83.0K": 69.5,
    "84.0K": 71.0,
    "85.0K": 72.5,
    "86.0K": 74.0,
    "87.0K": 75.5,
    "88.0K": 77.0,
    "89.0K": 78.5,
    "90.0K": 80.0
  },
  "cop": {
    "70.0K": 0.10000000000000017,
    "71.0K": 0.10203883495145646,
    "72.0K": 0.1041509433962265,
    "73.0K": 0.10633027522935787,
    "74.0K": 0.1085714285714287,
    "75.0K": 0.11086956521739146,
    "76.0K": 0.11322033898305099,
    "77.0K": 0.11561983471074384,
    "78.0K": 0.11806451612903235,
    "79.0K": 0.1205511811023623,
    "80.0K": 0.12307692307692321,
    "81.0K": 0.1256390977443611,
    "82.0K": 0.12823529411764717,
    "83.0K": 0.1308633093525181,
    "84.0K": 0.13352112676056357,
    "85.0K": 0.13620689655172435,
    "86.0K": 0.13891891891891914,
    "87.0K": 0.14165562913907306,
    "88.0K": 0.1444155844155847,
    "89.0K": 0.14719745222929964,
    "90.0K": 0.1500000000000003
  },
  "energy_efficiency": {},
  "key_metrics": {
    "max_cooling_power": 5.000000000000009,
    "max_input_power": 80.0,
    "best_cop": 0.1500000000000003,
    "cop_at_operating_temp": 0.11561983471074384,
    "cooldown_time": 3600.0,
    "warmup_time": 60.0,
    "system_mass": 5.0,
    "power_density": 1.0
  }
}