{
  "velocity_range": [
    500.0,
    15000.0
  ],
  "velocities": [
    500,
    1000,
    1600,
    2500,
    3500,
    5000,
    7500,
    10000,
    12500,
    15000
  ],
  "cascade_probability": [
    0.0,
    0.0,
    0.0,
    0.0,
    0.0,
    0.0,
    0.0,
    0.0,
    0.0,
    0.0
  ],
  "containment_rate": [
    1.0,
    1.0,
    1.0,
    1.0,
    1.0,
    1.0,
    1.0,
    1.0,
    1.0,
    1.0
  ],
  "static_offset": [
    0.0,
    0.0,
    0.0,
    0.0,
    0.0,
    0.0,
    0.0,
    0.0,
    0.0,
    0.0
  ],
  "k_eff": [
    9000.0,
    9000.0,
    9000.0,
    9000.0,
    9000.0,
    9000.0,
    9000.0,
    9000.0,
    9000.0,
    9000.0
  ],
  "period": [
    0.1,
    0.1,
    0.1,
    0.1,
    0.1,
    0.1,
    0.1,
    0.1,
    0.1,
    0.1
  ],
  "analysis": {
    "cascade_trend": "stable",
    "optimal_velocity": 15000.0,
    "max_safe_velocity": 15000.0,
    "velocity_sensitivity": {
      "cascade_rate_change": 0.0,
      "k_eff_change": 0.0
    },
    "relative_infrastructure_cost": [
      1.0,
      0.25,
      0.09765625,
      0.04000000000000001,
      0.02040816326530612,
      0.010000000000000002,
      0.0044444444444444444,
      0.0025000000000000005,
      0.0016,
      0.0011111111111111111
    ]
  }
}