{
  "fault_rates": [
    1e-08,
    2.682695795279727e-08,
    7.196856730011513e-08,
    1.9306977288832497e-07,
    5.179474679231213e-07,
    1.389495494373136e-06,
    3.727593720314938e-06,
    1e-05,
    2.6826957952797274e-05,
    7.196856730011514e-05,
    0.00019306977288832496,
    0.0005179474679231213,
    0.001389495494373136,
    0.003727593720314938,
    0.01
  ],
  "cascade_probability": [
    0.0,
    0.0,
    0.0,
    0.0,
    0.0,
    0.0,
    0.0,
    0.0,
    0.0,
    0.0,
    0.0,
    0.0,
    0.0,
    0.0,
    0.0
  ],
  "nodes_affected_mean": [
    0.0,
    0.0,
    0.0,
    0.0,
    0.0,
    0.0,
    0.0,
    0.0,
    0.0,
    0.0,
    0.0,
    0.0,
    0.0,
    0.0,
    0.0
  ],
  "nodes_affected_std": [
    0.0,
    0.0,
    0.0,
    0.0,
    0.0,
    0.0,
    0.0,
    0.0,
    0.0,
    0.0,
    0.0,
    0.0,
    0.0,
    0.0,
    0.0
  ],
  "containment_rate": [
    1.0,
    1.0,
    1.0,
    1.0,
    1.0,
    1.0,
    1.0,
    1.0,
    1.0,
    1.0,
    1.0,
    1.0,
    1.0,
    1.0,
    1.0
  ],
  "success_rate": [
    1.0,
    1.0,
    1.0,
    1.0,
    1.0,
    1.0,
    1.0,
    1.0,
    1.0,
    1.0,
    1.0,
    1.0,
    1.0,
    1.0,
    1.0
  ],
  "cascade_threshold": 1.05,
  "containment_threshold": 2,
  "n_nodes": 10
}