{
  "profile": "resilience",
  "fault_rates": [
    1e-06,
    2.6826957952797274e-06,
    7.196856730011514e-06,
    1.9306977288832496e-05,
    5.1794746792312125e-05,
    0.00013894954943731373,
    0.0003727593720314938,
    0.001
  ],
  "cascade_probabilities": [
    0.0,
    0.0,
    0.0,
    0.0,
    0.0,
    0.0,
    0.0,
    0.0
  ],
  "cascade_ci_lower": [
    0.0,
    0.0,
    0.0,
    0.0,
    0.0,
    0.0,
    0.0,
    0.0
  ],
  "cascade_ci_upper": [
    0.03699480747600191,
    0.03699480747600191,
    0.03699480747600191,
    0.03699480747600191,
    0.03699480747600191,
    0.03699480747600191,
    0.03699480747600191,
    0.03699480747600191
  ],
  "containment_rates": [
    1.0,
    1.0,
    1.0,
    1.0,
    1.0,
    1.0,
    1.0,
    1.0
  ],
  "containment_ci_lower": [
    0.9630051925239981,
    0.9630051925239981,
    0.9630051925239981,
    0.9630051925239981,
    0.9630051925239981,
    0.9630051925239981,
    0.9630051925239981,
    0.9630051925239981
  ],
  "containment_ci_upper": [
    0.9999999999999999,
    0.9999999999999999,
    0.9999999999999999,
    0.9999999999999999,
    0.9999999999999999,
    0.9999999999999999,
    0.9999999999999999,
    0.9999999999999999
  ],
  "nodes_affected_mean": [
    0.0,
    0.0,
    0.0,
    0.0,
    0.0,
    0.0,
    0.0,
    0.0
  ],
  "nodes_affected_std": [
    0.0,
    0.0,
    0.0,
    0.0,
    0.0,
    0.0,
    0.0,
    0.0
  ],
  "n_realizations": [
    100,
    100,
    100,
    100,
    100,
    100,
    100,
    100
  ],
  "converged": [
    true,
    true,
    true,
    true,
    true,
    true,
    true,
    true
  ]
}